USE CAFE_MANAGEMENT
GO
-- INSERT DANHMUC
INSERT INTO DANHMUC VALUES ('DM01', N'Cà phê')
INSERT INTO DANHMUC VALUES ('DM02', N'Trà')
INSERT INTO DANHMUC VALUES ('DM03', N'Trà sữa')
INSERT INTO DANHMUC VALUES ('DM04', N'Thức uống khác')

---INSERT MENU
INSERT INTO THUCUONG VALUES ('M1', N'Phin Đen Đá', 'DM01', 29000, 20, 1)
INSERT INTO THUCUONG VALUES ('M2', N'Phin Sữa Đá', 'DM01', 29000, 25, 1)
INSERT INTO THUCUONG VALUES ('M3', N'Bạc Xỉu', 'DM01', 29000, 25, 1)
INSERT INTO THUCUONG VALUES ('M4', N'Phin Sữa Nóng',  'DM01', 29000, 26, 1)
INSERT INTO THUCUONG VALUES ('M5', N'Phin Đen Nóng', 'DM01', 29000, 20, 1)
INSERT INTO THUCUONG VALUES ('M6', N'Espresso', 'DM01', 45000, 24, 1)
INSERT INTO THUCUONG VALUES ('M7', N'Americano', 'DM01', 45000, 20, 1)
INSERT INTO THUCUONG VALUES ('M8', N'Latte', 'DM01', 65000, 0, 0)
INSERT INTO THUCUONG VALUES ('M9', N'Trà Sen Vàng', 'DM02', 45000, 30, 1)
INSERT INTO THUCUONG VALUES ('M10', N'Trà Thạch Đào','DM02', 45000, 36, 1)
INSERT INTO THUCUONG VALUES ('M11', N'Trà Thanh Đào', 'DM02', 45000, 0, 0)
INSERT INTO THUCUONG VALUES ('M12', N'Trà Thạch Vải', 'DM02', 45000, 0, 0)
INSERT INTO THUCUONG VALUES ('M13', N'Trà Xanh Đậu Đỏ', 'DM02', 45000, 12, 1)
INSERT INTO THUCUONG VALUES ('M14', N'Chanh Đá Viên', 'DM03', 39000, 5, 1)
INSERT INTO THUCUONG VALUES ('M15', N'Chanh Nóng','DM03', 39000, 10, 1)
INSERT INTO THUCUONG VALUES ('M16', N'Chanh Dây Đá Viên','DM03', 39000, 0, 1)
INSERT INTO THUCUONG VALUES ('M17', N'Sô Cô La', 'DM03', 55000, 0, 1)
--- INSERT NHANVIEN
INSERT INTO NHANVIEN VALUES ('NV01', N'Nguyễn Thị Hoàng Trang', 'NTHT024', N'Thu ngân', '2002-1-1', '0366121024', 20000, 15,1)
INSERT INTO NHANVIEN VALUES ('NV02', N'Nguyễn Thị Thanh Ngân','NTTN101', N'Pha chế', '2001-3-26', '0937255101', 22000, 24,1)
INSERT INTO NHANVIEN VALUES ('NV03', N'Võ Hoàng Nguyên', 'VHN913', N'Phục vụ', '2001-9-4', '0336892913', 18000,56,1)
INSERT INTO NHANVIEN VALUES ('NV04', N'Trần Gia Hân', 'TGH245', N'Phục vụ', '2002-10-15', '0363791245', 18000,43,1)
INSERT INTO NHANVIEN VALUES ('NV05', N'Lê Thị Hương Giang', 'LTHG974', N'Phục vụ', '2002-5-4', '0347525974', 18000,2,1)
INSERT INTO NHANVIEN VALUES ('NV06', N'Lê Hồng Nhung', 'LHN023', N'Quản lý', '1994-5-4', '0237491023', 50000,10,1)

--- INSERT KHACHHANG
INSERT INTO KHACHHANGTHANTHIET VALUES ('0347892345', N'Hoàng Uyên', 18, 850000)
INSERT INTO KHACHHANGTHANTHIET VALUES ('0376582375', N'Trần Tuyên Trường', 32, 1250000)
INSERT INTO KHACHHANGTHANTHIET VALUES ('0128501289', N'Huỳnh Nguyễn Như Nguyên', 24, 935000)
INSERT INTO KHACHHANGTHANTHIET VALUES ('0937125467', N'Nguyễn Thị Diệu Hiền', 30, 1125000)
INSERT INTO KHACHHANGTHANTHIET VALUES ('0377875066', N'Huỳnh Nguyễn Tín', 42, 1560000)
delete from KHACHHANGTHANTHIET
--- INSERT HOADON
INSERT INTO HOADON VALUES (1, '2022/1/9', '0347892345', 'NV01', 132000, 0)
INSERT INTO HOADON VALUES (2, '2022/1/10', '0937125467', 'NV02', 135000,0)
INSERT INTO HOADON VALUES (3, '2022/1/10', '0128501289', 'NV02', 116000,0)
INSERT INTO HOADON VALUES (4, '2022/1/11', '0376582375', 'NV01', 184000,0)
INSERT INTO HOADON VALUES (5, '2022/1/12', '0937125467', 'NV01', 188000,0)
INSERT INTO HOADON VALUES (1, '2022/1/13', '0347892345', 'NV02',39000, 0)
INSERT INTO HOADON VALUES (2, '2022/1/13', '0347892345', 'NV01',39000, 0)
-- INSERT CHITIETHOADON
INSERT INTO CHITIETHOADON VALUES (1,'2022/1/9','M1',29000,1)
INSERT INTO CHITIETHOADON VALUES (1,'2022/1/9','M2',29000,2)
INSERT INTO CHITIETHOADON VALUES (1,'2022/1/9','M6',45000,1)
INSERT INTO CHITIETHOADON VALUES (2,'2022/1/10','M7',45000,2)
INSERT INTO CHITIETHOADON VALUES (2,'2022/1/10','M9',45000,1)
INSERT INTO CHITIETHOADON VALUES (3,'2022/1/10','M4',29000,3)
INSERT INTO CHITIETHOADON VALUES (3,'2022/1/10','M5',29000,1)
INSERT INTO CHITIETHOADON VALUES (4,'2022/1/11','M17',55000,1)
INSERT INTO CHITIETHOADON VALUES (4,'2022/1/11','M15',39000,1)
INSERT INTO CHITIETHOADON VALUES (4,'2022/1/11','M10',45000,2)
INSERT INTO CHITIETHOADON VALUES (5,'2022/1/12','M11',45000,1)
INSERT INTO CHITIETHOADON VALUES (5,'2022/1/12','M8',65000,1)
INSERT INTO CHITIETHOADON VALUES (5,'2022/1/12','M14',39000,1)
INSERT INTO CHITIETHOADON VALUES (5,'2022/1/12','M15',39000,1)
INSERT INTO CHITIETHOADON VALUES (1,'2022/1/13','M15',39000,1)
INSERT INTO CHITIETHOADON VALUES (2,'2022/1/13','M14',39000,1)

--- INSERT DOANHTHU
INSERT INTO DOANHTHU VALUES ('2022/1/9',132000)
INSERT INTO DOANHTHU VALUES ('2022/1/10',251000)
INSERT INTO DOANHTHU VALUES ('2022/1/11',184000)
INSERT INTO DOANHTHU VALUES ('2022/1/12',188000)
